Date,Stocks_Avg_Return,Cryptos_Avg_Return,Stocks_Avg_Volatility,Cryptos_Avg_Volatility,Stocks_Total_Volume,Cryptos_Total_Volume
2020-01-02,,,1.214944839477538,140.37519073486328,359041900,28834792721
2020-01-06,0.016731053656084734,0.12239610064268819,1.5858891805013033,190.41138458251953,351618200,32370008719
2020-01-10,0.027897240667605402,0.0243917234583075,1.067112604777024,224.2131118774414,392111300,37799400047
2020-01-17,0.028310928929948232,0.13981848571746563,1.0794982910156297,145.5496368408203,422198900,51369231146
2020-01-24,0.034478574626119494,-0.04970825698882435,1.71221923828125,127.69293975830078,437165600,35055584188
2020-01-27,-0.019777328697076733,0.0516565608723231,1.5609448750813755,193.2198944091797,436631500,39651814538
2020-01-28,0.01927579608809187,0.04109521555175775,1.4018885294596355,227.88741302490234,395221500,46171619467
2020-02-07,0.15043354779563853,0.15478236689776512,2.340498606363932,59.775299072265625,475542500,51196161723
2020-02-11,0.022751555957053467,0.0505088211651372,1.8318888346354214,249.3236465454102,384705700,54612755352
2020-02-12,0.006289854233769501,0.0684266366371858,1.4813868204752652,113.86309814453125,360753900,67989353216
2020-02-14,0.008052976569308331,0.034763922643638,1.4237785339355444,109.37791442871094,367643100,66896517625
2020-02-18,0.02146400844298663,-0.01224711025859445,1.7418899536132812,275.6424865722656,457168700,73782501140
2020-02-21,0.0010935965394221342,-0.05144318283663195,2.4963340759277344,72.29362487792969,437202000,61798140805
2020-02-26,-0.08543932614062633,-0.1198485602219993,2.6786677042643228,339.3673553466797,513829300,76655667963
2020-03-05,-0.032271721545205634,0.022587726566376948,2.13877741495768,197.2616729736328,445327300,57899346382
2020-03-27,-0.15225495096722988,-0.35158618044508083,2.105499267578127,166.5497589111328,527635800,45981884996
2020-03-30,0.012788069991835333,-0.006945690301851,2.09639104207357,311.2916069030762,470469900,48942774831
2020-04-01,-0.041385729544275,0.02402942952625885,2.5284996032714795,208.0519027709961,458954400,52802990701
2020-04-06,0.0695431002531056,0.17382598570930297,2.797832489013672,257.30982208251953,540811400,68533287140
2020-04-08,0.033199037329715596,0.014648909554495,1.5898297627766926,105.81752014160156,438281200,54626360385
2020-04-09,0.017039633514091466,-0.0074955230630034,1.4380544026692708,83.63233184814453,459514800,49716835388
2020-04-20,0.16922020687350525,-0.024406147515708854,2.570443471272791,210.27493286132812,466628200,59013795271
2020-04-22,-0.011557854436035268,0.046988944798446494,2.1981074015299575,145.00419616699216,413588900,51243820261
2020-04-23,-0.008276627988175035,0.028606454091559298,1.9616686503092353,209.46932220458984,424696900,64776522348
2020-04-24,0.020340460497580867,0.01952676188991745,1.864667256673177,72.501220703125,400839200,51425081314
2020-04-28,0.001744387332448268,0.041213278598962344,2.834387461344401,43.82891082763672,445722800,51405467388
2020-04-29,0.032998057959333735,0.11041155157214375,2.291831970214844,553.0173568725586,472352800,86598600962
2020-05-05,-0.009775954261169865,-0.012013782424790249,2.092613220214839,106.66769409179688,467476700,62153151762
2020-05-06,0.014486537463058433,0.00818173800174705,1.62588755289714,226.1277313232422,371537600,69715430730
2020-05-07,0.0046843146586812,0.057006012726264293,1.349278767903641,433.3297119140625,356058700,84707445217
2020-05-08,0.026451489381784533,-0.0038153533738213004,1.8310000101725308,118.53363037109375,439267900,72225887398
2020-05-11,0.006054829660558801,-0.1266028849669637,2.4768333435058594,334.8957290649414,458924400,77174460449
2020-05-12,-0.011783981181727235,0.020924506618131,2.582553863525393,193.07721710205078,462402700,58042443817
2020-05-14,5.936734318633466e-06,0.08878721415797916,2.199000040690102,272.7410888671875,437124200,76577432498
2020-05-15,-0.0007762864808587994,-0.0388808258163629,1.9624455769856723,252.12020111083984,408824400,64761144419
2020-05-18,0.016164502610337566,0.0696668186988903,2.0168329874674527,172.23514556884766,397309400,59238706824
2020-05-19,-0.0010589818207655001,-0.0023764675463312,1.7483317057291667,150.44285583496094,332687100,53600481734
2020-05-20,0.016212690668261632,-0.01844724158608215,1.1112225850423176,182.16689300537104,301106300,49276415214
2020-05-21,-0.0043964940840900335,-0.04747184047787855,2.6112798055012973,351.7951354980469,388795800,52634481761
2020-05-22,-0.003514819882868267,0.0237749984339292,1.4248898824055989,117.42426300048834,288957700,41852365813
2020-05-26,-0.0035003246315082337,-0.03163456622165915,1.8637746175130208,120.08104705810547,318231500,39743928237
2020-05-27,0.00042724717041363325,0.036817937838436204,2.8104451497395906,188.12072753906253,387325700,43371571658
2020-05-28,-0.0069982149900567675,0.04505215952263835,2.142279307047519,205.94807434082034,306198800,46579542718
2020-05-29,0.0174794640818289,-0.0026485621555562,1.8103879292805989,100.15347290039061,400197900,45162458601
2020-06-01,0.03320186319855944,0.09819810871821985,1.972110748291018,383.2071228027344,363461700,49150629004
2020-06-02,-0.004410919311029133,-0.05113233786559405,1.6830546061197917,370.38311767578125,341724800,52919359676
2020-06-03,0.0031719169647203,0.021329343284640798,1.168613433837893,109.86378479003905,277153700,34869220079
2020-06-04,-0.012279039399909967,0.0079576725028972,2.191276550292971,185.7634735107422,279849900,36092219376
2020-06-05,0.020734413221387468,-0.0134475411192077,2.0202229817708406,106.33397674560545,320556900,32803592560
2020-06-08,0.0316684427085877,0.0160272672308218,2.1418889363606772,55.76145172119142,387688900,29563129611
2020-06-09,0.0174223524841665,-0.0015999513149274499,3.5018323262532554,88.82665252685548,422055400,32164388571
2020-06-11,-0.0019378796213703336,-0.051156603823431096,4.5943857828776045,347.58692169189453,556411900,42603672300
2020-06-12,-0.011677883695428269,0.02102739748542755,4.775610605875651,132.1619415283203,560319000,31479519524
2020-06-15,0.027568082936534264,-0.017514903980666848,4.365887959798177,263.84032440185547,451568800,37235804652
2020-06-16,0.011402125011388901,0.0143778091844921,2.5619990030924478,93.4767532348633,447907300,29531185225
2020-06-17,0.006091537222907899,-0.0059887002012181,1.2439422607421875,109.84770965576175,321954400,27879101471
2020-06-18,0.0058639176350015,-0.00559750200719845,1.2942250569661458,80.00296783447261,292854900,24483883875
2020-06-22,0.011081546338983166,0.03505699303980775,1.878278096516927,186.52122497558594,295057200,30183596066
2020-06-24,-0.0075872607803786005,-0.03130312192117335,3.166723887125656,208.9170379638672,447549200,27776746101
2020-06-25,0.0156032006676809,-0.0086169033094148,2.439111073811849,125.29685974121094,335713900,25626474748
2020-06-26,-0.026580608322167496,-0.01253172888701715,3.4929466247558545,106.71039581298828,468096300,25528956063
2020-06-29,0.023366573154865167,-0.0016827495404955,3.385723114013672,101.67274475097656,350510000,23186711731
2020-06-30,0.03580646095694637,-0.0069947530795545,3.9407806396484424,68.829833984375,469394700,21829890745
2020-07-01,0.026146289336279733,0.015543851242588,3.8559443155924478,106.46995544433595,437908700,22435287798
2020-07-08,0.11255165538828937,0.0444923843267066,3.9744440714518183,105.37321472167972,462513500,29594946294
2020-07-09,0.0193473238937547,-0.0153808787421559,3.819221496582022,101.8864517211914,429180800,26429801723
2020-07-15,0.024942196691660302,-0.014036636434931849,5.072001139322926,53.849060058593764,514493000,22034060023
2020-07-16,-0.014877510096660565,-0.0133262664807253,3.8563919067382812,66.37516021728514,452973600,21546025090
2020-07-17,-0.004843538037874433,-0.0008078109880193501,2.7507756551106772,47.678428649902315,327362800,19804421278
2020-07-21,0.03716583819304867,0.0385105013165465,5.683502197265625,134.18917083740237,467467200,24876277971
2020-07-22,0.0019543409863486336,0.04307188413125945,3.3013890584309897,115.68296813964844,383502100,24234332267
2020-07-27,-0.02428346283286557,0.19005709555540934,4.844164530436188,707.6476135253906,445354500,51004006648
2020-07-28,-0.025127017749922032,-0.01110374231281455,3.795893351236965,294.9399719238281,403290100,41123659207
2020-07-29,0.015184513523479567,0.011019026499621899,2.274775187174479,229.7635345458984,291214700,35496095421
2020-07-30,0.0034660318250345663,0.0262480565854259,3.232002258300786,148.39073181152344,395011000,34684936946
2020-08-04,0.056082895516733504,0.08688312161621935,3.35488891601563,154.47592163085938,393182600,35336901263
2020-08-05,0.007794557422963699,0.0391690209445936,2.6371663411458286,324.20875549316406,274323800,37286721109
2020-08-06,0.0147302528661458,-0.006858960207777099,3.7956670125325567,157.25527954101562,371125300,34705366798
2020-08-07,-0.02177646966074273,-0.027125793256855997,4.679611206054683,259.87892150878906,410213600,35883999951
2020-08-11,-0.03231704768780613,-0.007081632762294749,3.7842229207356772,382.31011962890625,391651400,39832001377
2020-08-14,0.09116479296898229,0.090644785049698,2.5592244466145786,243.38548278808594,409263200,39302548576
2020-08-18,0.0670482145107674,-0.006246343860171949,4.318054199218754,197.04391479492188,459671100,38022211751
2020-08-19,-0.006327480895408533,-0.0300187379583954,3.0667215983072915,185.96856689453125,412319500,37640242284
2020-08-26,0.09843152566995034,-0.036077410552344,4.9199473063151045,123.11349487304688,506787400,32434004441
2020-09-09,-0.09083588631517381,-0.09997229794255941,6.317441304524735,180.1457366943359,519111900,38676226275
2020-09-10,-0.015812199552531967,0.030094023183536302,9.925671895345053,146.02909851074222,543680200,85827577767
2020-09-11,-0.0093199992333388,0.0107789681022404,6.4104461669921875,157.56687927246094,464892800,72497391104
2020-09-14,0.05052665329475503,0.01689046316082845,7.755388895670578,280.4586944580078,479803900,52990277301
2020-09-16,0.0055825179040106,-0.0014174467304607,5.702608744303386,205.66197204589844,461760900,46877598632
2020-09-17,-0.0266644432285323,0.0305390881282047,5.421328226725265,145.94972229003906,537330600,58051341603
2020-09-25,0.002766511039818101,-0.0590477252714295,5.235666910807282,108.76951599121094,443910900,53729677923
2020-09-28,0.0277974784957509,0.0050172281538865505,3.2033869425455728,126.6693115234375,371315200,62020849897
2020-09-29,-0.0072716242162538,0.0127752735517633,3.386441548665369,109.35618591308594,319956100,58182409838
2020-09-30,0.013339632544613669,-0.0025223951992851,4.023722330729167,92.8931884765625,385034000,55989684310
2020-10-01,0.0253782422392537,-0.0170032493272562,3.103327433268234,242.0274658203125,367782900,54702616011
2020-10-02,-0.04531785360811267,-0.011909561603420049,4.944445292154953,129.39834594726562,471264000,62876844381
2020-10-05,0.026682543369941667,0.02142165693389505,3.6513290405273486,82.220703125,315918200,59347085631
2020-10-06,-0.029058390986449967,-0.027315224849792152,5.348889668782557,142.83660888671875,410675100,55454491419
2020-10-07,0.025064143048471932,0.0045006373940388,3.3835016886393228,62.953125,312420100,49729376496
2020-10-08,-0.0003688299095726,0.02466542966014915,3.0972264607747397,199.84742736816406,268222500,76775812108
2020-10-09,0.022162281123587632,0.02794599183955165,3.11599731445312,137.962890625,285442000,35842619376
2020-10-14,0.04080908035670564,0.03549798893976925,5.279111226399735,122.63381958007812,410605100,38022273286
2020-10-15,-0.0127783142246799,0.0001896191758464002,3.844668070475265,138.0825958251953,324044400,39451415603
2020-10-16,-0.01808954768086213,-0.0223883551763471,6.807668050130199,167.23646545410156,343209500,40306265589
2020-10-19,-0.021887278626225363,0.0372571231849734,5.872111002604171,200.2090606689453,333974700,36672012020
2020-10-20,-0.0014624233015914669,-0.0067892722276786995,3.760950724283859,165.79872131347656,309586600,44657408174
2020-10-21,-0.004585352359847467,0.069297514963459,3.284665425618485,657.7684936523438,278911500,63656036948
2020-10-22,-0.001603872789034633,0.03306052181303195,4.732393900553386,236.68267822265625,306207600,50502606083
2020-10-23,-0.0031458624468011995,-0.00616589232378865,3.5688323974609326,139.59617614746094,253057600,43231197055
2020-10-26,2.6273411438919515e-05,-0.0138183816831752,5.135780334472656,215.20600891113278,314592300,44617142542
2020-10-27,0.01622178588752597,0.034971931557851346,3.4082158406575522,358.9977264404297,246156300,47690312258
2020-10-28,-0.04261547886917493,-0.03301560129815845,4.535837809244792,466.6313781738281,332058000,51143760029
2020-10-29,0.021382136334709433,0.0038056953635920497,4.419726053873693,321.96360778808594,346025100,69419977347
2020-11-03,-0.0203805560788238,0.0201936641058754,4.827550252278642,338.871337890625,308637500,42458446379
2020-11-05,0.0670010790078549,0.0925450907080769,3.9931131998697915,812.2977752685547,327416600,56297032477
2020-11-06,-0.0076389082810707,0.0486403042233067,3.888888041178395,359.9079895019531,272521900,56576147581
2020-11-10,-0.05064501432387867,-0.0143742529815787,5.402000427246098,169.7636871337891,360696000,37665319809
2020-11-11,0.02686001164211556,0.0281880552951887,3.4513880411783853,325.15391540527344,251706100,43847778445
2020-11-12,-0.007952713586602567,0.01619897049780545,3.648277282714844,392.9189147949219,249967600,47053085578
2020-11-13,-0.0005132782872238666,0.016047093921058,2.7466049194335938,244.47219848632812,216019200,44790997897
2020-11-16,0.0028118751315831334,-0.0032667069775171986,3.0423838297525996,476.9024963378906,247872800,42968006119
2020-11-17,0.025347867349347797,0.049994666668807294,4.690940856933598,619.9152984619141,326729900,53599907047
2020-11-18,0.026981757457398798,0.0035822530890223005,7.021664937337239,533.60595703125,368790100,66944999502
2020-11-19,0.011614766891522034,-0.007822230350785,3.822443644205729,375.704833984375,321744900,49458984573
2020-11-20,-0.011986234304135833,0.0629756920320947,2.567331949869792,524.7052612304688,239828000,55622817236
2020-11-23,0.011926561033216335,0.0899165998187422,5.21816762288412,384.6756286621094,372918200,70013415180
2020-11-24,0.027398300313951306,0.0164948831589777,5.640942891438802,623.4767456054688,346861700,74751323109
2020-11-25,0.0208282629018207,-0.03731921766395535,4.670110066731766,427.6205749511719,299097800,63798850264
2020-11-27,0.009512795044559133,-0.08994481892065564,3.1178868611653505,476.06707763671875,207232600,55717600348
2020-11-30,-0.0061488329520918,0.16763098778787905,9.021779378255195,807.3220825195312,439697500,68005348232
2020-12-01,0.025828875538543666,-0.04334151956301565,5.5495020548502465,793.7296752929688,338778700,76812623177
2020-12-02,-0.009821682431179401,0.019974422261982948,5.175671895345076,492.9463806152344,294917300,54270989268
2020-12-03,0.012265129692418832,0.0217008995577525,3.1499455769856675,337.25628662109375,264463600,48076508351
2020-12-04,-0.0012174538669133001,-0.05756543877068455,2.6086095174153647,431.9552917480469,224736300,50209978055
2020-12-07,0.027378660834060597,0.03290138384559125,6.506721496582041,249.08740234375,310667100,37616838704
2020-12-08,0.007950593934264567,-0.053950270115146796,5.340721130371094,527.9077758789062,340746500,46091208076
2020-12-09,-0.037922161646339936,0.023160786505073548,10.459391276041691,367.5180358886719,410978800,50276288911
2020-12-10,0.016162181176466634,-0.0198184062378216,9.164998372395837,310.5252380371094,343165800,37219714305
2020-12-11,-0.009719504520246168,-0.01804262487065795,4.523053487141918,335.74249267578125,287658800,39018460109
2020-12-14,0.018927945321410133,0.069724670894287,5.294499715169262,152.88259887695312,318422300,30599834783
2020-12-15,0.014129309847462398,0.00728111510584455,4.790166219075488,230.39248657226562,358848200,36068628381
2020-12-16,0.0022880349765968338,0.08848581996376174,5.047551472981765,1107.5964965820312,313048000,60226259852
2020-12-17,0.019551828874672033,0.040321903794381345,5.590728759765644,1226.5346069335938,332656100,96858138521
2020-12-21,-0.007366654082129433,-0.025751533543397463,5.1283823649088305,973.3128662109375,372123500,60272207602
2020-12-22,0.004640447681932534,0.04201486646827595,6.246449788411458,702.4107360839844,371440800,58917522761
2020-12-23,-0.0015985837747873332,-0.0516646679685358,4.197113037109374,649.3011474609375,229618700,66407574942
2020-12-24,0.0094021377024734,0.0345329035808675,4.1244455973307295,517.9795227050781,152564900,55398173416
2020-12-28,0.024579470034591034,0.1676571562112627,5.754053751627585,622.0713195800781,335058000,73279308755
2020-12-29,0.000578084896155367,0.00589380216295045,4.2960561116536455,714.6126708984375,287237700,63976629973
2020-12-30,0.007940002412700934,0.0407549549964207,4.994944254557292,805.4823608398438,289176100,68582016914
2020-12-31,-0.00027659675838616685,-0.0064033885513030495,4.768666585286468,535.3361511230469,307210300,60681811709
2021-01-13,0.05641998768249426,0.40963505416492774,5.281158447265625,2577.5411987304688,254998300,99474108774
2021-01-14,-0.012758651123937167,0.06385497431725,4.397939046223958,1624.4730224609375,245438700,97026905962
2021-01-15,-0.014483717530206832,-0.04926695748712415,6.3963368733723955,2538.9529418945312,312811300,103732797191
2021-02-01,0.04948388326311324,0.03949836092006791,8.563832600911459,1176.7371826171875,265618000,90611071580
2021-02-18,-0.0327977890008482,0.4780790401044914,3.977666219075521,780.0184936523438,211276000,80310626548
2021-02-19,-0.010007824480047167,0.04657772232312525,4.2569529215494795,2624.6187744140625,230647700,89764311171
2021-02-24,-0.03762868946123297,-0.1404061839999835,7.52193959554037,2138.30078125,281566900,95024521925
2021-02-25,-0.049257926287337495,-0.07264678923733206,11.551661173502586,2530.1411743164062,355947200,78988247822
2021-03-01,0.0461284208358665,0.057096150707143356,6.345052083333343,2410.1001586914062,252298500,77924138757
2021-03-02,-0.0272752100964082,-0.03565466985540745,6.522219340006505,1517.476318359375,225373500,70054567442
2021-03-03,-0.03393729804372687,0.050201563936365254,8.613004048665394,2214.6356201171875,283364300,75895592655
2021-03-04,-0.024520753186538763,-0.03032858265642615,11.143885294596359,2095.0053100585938,485545500,75249935398
2021-03-08,-0.044675549147822964,0.1328968190382069,10.300224304199208,1486.1328735351562,393437600,76228419206
2021-03-09,0.0915433812416454,0.0337482272205449,11.729052225748712,1453.0338134765625,412695700,74373471892
2021-03-10,-0.0063542175204181,-0.00763491446792245,9.323501586914071,2037.3380126953125,354010400,82449750799
2021-03-11,0.027337471071703034,0.02354980512318235,4.277501424153641,1857.8352661132812,267316200,80785476504
2021-03-12,-0.007918770184121,-0.0189017771688467,4.754669189453129,1365.2445068359375,237294500,78125766014
2021-03-15,0.014137435148566834,-0.00689652816682415,5.266942342122381,2643.709228515625,238682600,92664108700
2021-03-16,-0.009275826138753667,0.0122896908319299,5.8197174072265625,1687.5796508789062,262591000,83578308189
2021-03-17,0.0148563838287157,0.02274441589776605,8.744944254557302,2265.9132690429688,295422100,84771230539
2021-03-18,-0.04586156176266643,-0.019726013953464648,6.617167154947917,3002.8009643554688,293896100,79009886504
2021-03-19,0.004549920289663233,0.0139657697528038,5.2176666259765625,1474.697265625,406739500,70313171496
2021-03-22,0.0210392197877463,-0.06745447597780074,5.7421620686848955,2160.496337890625,288492900,80120751103
2021-03-23,-0.0033432634358780337,-0.0018259059466969002,3.9736150105794414,1288.657470703125,263288800,78433261879
2021-03-24,-0.028075865916741036,-0.043334366766519195,6.408223470052083,2458.8455200195312,249096100,101795275260
2021-03-25,0.0023335241300395343,-0.00952793972346685,6.0973358154296875,1300.6787109375,287789400,97650141542
2021-03-26,-0.008939600815819166,0.06688603900383644,6.745445251464858,1832.8215942382812,261887600,79200714526
2021-03-29,-0.0009141105240741331,0.0580025619342482,3.9366633097330683,1678.1146240234375,221650200,80422157575
2021-03-30,0.0069604122952207,0.01734804483761405,6.346666971842457,1131.3621215820312,250721100,76926898135
2021-03-31,0.027431258004912033,0.019599888132036936,5.169387817382812,1179.2224731445312,280213700,95747728846
2021-04-01,0.006444783100217934,0.0168573617214169,5.011500040690109,578.8347778320311,239790300,92583423587
2021-04-05,0.029549319677604737,0.03270691913563275,4.882001241048196,1152.53515625,280877600,89595663285
2021-04-06,0.0007950961257269,-0.00483904617753025,2.6844940185547017,963.19189453125,215742700,95280893869
2021-04-08,0.014996063165379131,-0.005904223010003051,3.153889973958343,1296.0446166992188,216859500,78366812170
2021-04-09,0.010810675032465434,-0.004618464140071251,3.8605550130208335,588.447021484375,257828000,66467680638
2021-04-12,0.008588802334359,0.0303770665512751,3.994837443033873,876.2550048828125,244463100,73556625128
2021-04-13,0.0387873948718652,0.06749267463171066,7.33172607421875,2026.095947265625,291540900,99440097301
2021-04-15,-0.0121389102839301,0.04633581257336275,3.6900024414062407,873.525146484375,237565800,93279988396
2021-04-19,-0.010782698582852865,-0.12998719654293536,5.706166585286468,1670.7745361328125,267830800,99405520130
2021-04-26,0.014353901405852567,0.06973322242011495,3.979609171549479,2831.6146240234375,257634600,93492365233
2021-04-27,-0.015100969050384766,0.034688080555062846,3.7609456380208335,1144.3975830078125,230868800,81724191972
2021-04-28,-0.0028937244093446995,0.0137878636303696,3.3835601806640625,1266.3424072265625,267211100,82269604031
2021-05-27,-0.07269912940852823,-0.15125659465000046,3.0164438883463682,1688.9296875,224961400,76584604004
2021-06-01,-0.007515683148494199,-0.0416054146868822,2.6408818562825664,1159.1126708984375,170491800,62002646387
2021-06-02,-0.006353000403975032,0.0259188956105127,3.5377782185872397,1255.5111083984375,169477300,60794134549
2021-06-03,-0.026675228336109136,0.04926797715473235,4.783498128255213,1229.2755126953125,214530900,65498957829
2021-06-04,0.023601444621846702,-0.0587469160802286,3.7409489949544175,1909.6448974609375,192274000,76004931798
2021-06-07,0.0025560209881944486,-0.0633940994503841,4.10666147867839,1785.559814453125,183004700,64284047940
2021-06-09,0.0084245183196903,0.059856924447546055,2.431327819824219,2637.1893310546875,155741700,90048751194
2021-06-10,0.010597304927027833,-0.0348169508944716,3.7019449869791714,1335.643310546875,212475200,72329659244
2021-06-11,0.0028713234814722335,-0.015214306762985751,2.22549692789714,866.3956298828125,158486300,63532301180
2021-06-14,0.016144737269956164,0.07773717886708714,3.7938919067383097,1179.0614013671875,209572500,70113491004
2021-06-15,-0.0121105103097574,0.0167256746340019,3.0302225748698013,904.9384765625,164562600,75425428404
2021-06-16,0.007540431293005,-0.0720686203324521,3.573664347330729,1270.51025390625,242303300,63313561280
2021-06-17,0.017886004658300633,-0.00291148124754265,4.8066660563151045,1109.43505859375,267555900,58968303233
2021-06-18,4.0002875109433155e-05,-0.0593448531076856,2.817052205403627,1580.646484375,287590000,58953705663
2021-06-21,0.00022604543263723387,-0.13434051521012846,4.367777506510417,2408.9918823242188,219643400,86554212419
2021-06-22,0.0107473789618866,0.009511120438412301,3.400385538736979,2342.1956176757812,199162300,94511604783
2021-06-23,0.016710906257476933,0.04933594781237935,4.0111134847005205,1598.3681030273438,209777800,74725768131
2021-06-24,0.0058731052203458,0.0136066608501714,5.4712778727213545,1494.2720336914062,283298200,53396213885
2021-06-25,-0.009249905096979568,-0.08769428533564419,4.327336629231752,2179.8602294921875,247093800,63005239224
2021-06-28,0.016699812267599732,0.1176681398587321,3.917048136393239,747.003173828125,171851900,59407126593
2021-06-29,0.0003922418894637334,0.040315138211343304,2.554443359375,1227.811767578125,158668000,62716584463
2021-06-30,0.0002499426407593668,0.0148007985887071,2.7533365885416763,1090.4168701171875,168116100,59887092367
2021-07-01,-0.0008151961776195,-0.05633617859786375,3.004119873046875,1172.759765625,149131300,66900658872
2021-07-02,0.014588649699578867,0.013458393411624098,4.9677785237630205,651.3408813476562,223404100,70525187496
2021-07-06,0.011062583278622633,0.0456008718245863,7.256886800130228,793.496337890625,312931300,47393121184
2021-07-07,0.0003297471605780338,-0.00759497772126245,4.707056681315113,632.060791015625,267849600,47194372762
2021-07-08,0.0042934522704832,-0.056586126828363656,7.21893819173179,1004.6575927734375,277507400,53098520635
2021-07-09,0.005387406207853566,0.02029020536757525,3.4900004069010513,928.86083984375,229276300,50465595630
2021-07-12,0.013115573086215101,-0.03511415674070495,4.568339029947907,1025.7694702148438,205512700,42089628614
2021-07-13,-0.009404400726118466,-0.0305674657195456,5.970448811848968,591.898681640625,240643400,35742485327
2021-07-14,0.0008663061943076337,0.01582033742340455,4.4405059814453125,784.078857421875,257906400,38719350889
2021-07-15,-0.007485952779329099,-0.036715500220257005,5.351333618164053,1069.2009887695312,231155100,36988616789
2021-07-16,-0.013245539985869132,-0.0137070519523694,4.164438883463551,611.919189453125,223238400,38584046065
2021-07-19,-0.010178965374476934,-0.0263814349997354,4.529729207356762,715.1665649414062,261017900,34592525026
2021-07-20,0.018240064912723033,-0.024589584545997197,5.0455576578776045,880.08984375,207925300,40516864881
2021-07-21,-0.003219466414881734,0.09554878269005826,2.832382202148428,1746.3998413085938,163233400,49456384315
2021-07-22,0.0050539983653554,0.01174858102913265,3.7113901774088354,460.4600830078125,187963300,37050710849
2021-07-23,0.002682811817986933,0.0442110876076885,2.612274169921856,826.33154296875,163988100,38752438684
2021-07-26,0.0122786681335773,0.081476626410416,4.133834838867169,2731.9254150390625,206445900,80636450445
2021-07-27,-0.018090764893805532,0.0422567312826558,7.4547271728515625,1563.7169189453125,285896500,58164850938
2021-07-28,-0.0025667918456301,0.0070838604044177,4.163670857747424,1022.248291015625,226939000,57693707073
2021-07-29,0.014373305525396065,0.01853436419192775,5.499003092447917,682.0294189453125,258283300,43480519140
2021-08-02,-0.009225609704602136,0.0380523479377213,4.436442057291666,913.5938720703125,230805400,47758019540
2021-08-03,0.0077255027653648405,-0.0340298284855778,4.878280639648419,1074.4705810546875,212793500,48886583863
2021-08-04,-0.0015139735453225335,0.06530875869397465,2.9997762044270835,1332.053466796875,151054100,50411260897
2021-08-05,0.004102560639309733,0.0329630471103445,2.417994181315114,2091.838134765625,133826500,66242959092
2021-08-06,-0.011898648099326501,0.0350686454452432,3.3371124267578125,1778.2955322265625,153747800,64755060925
2021-08-09,0.006570015102452799,0.08933664927751256,2.377110799153636,1946.4598388671875,136018600,70717339985
2021-08-10,-0.0049923380579231,-0.0125452167948904,3.1544392903645835,1051.0726318359375,157572000,61151241227
2021-08-11,-0.0032914397364393667,0.0036838500793443,2.614054361979195,765.107421875,136839300,61048744125
2021-08-12,0.014873228395776233,-0.0318728677433206,4.417332967122434,1309.8062744140625,170941900,59127320671
2021-08-13,-0.0028359136782732334,0.0836737537516576,2.503392537434896,1918.277099609375,150703500,55613125793
2021-08-16,-0.009384578657432533,-0.04365281781168265,6.732279459635417,1245.996826171875,237722200,55856916559
2021-08-17,-0.0177528468927674,-0.03666814172434575,4.636835734049488,1459.7484130859375,231151600,58960419345
2021-08-18,-0.0010324995085521666,0.0020535617059067,5.3605600992838545,876.991455078125,203460200,53733371500
2021-08-19,-0.008136864204586067,0.048309487397454054,4.115666707356762,1596.8653564453125,205558800,56750602659
2021-08-20,0.008022038743155867,0.0444328826549018,3.155283610026032,1405.7940673828125,172243300,55592487280
2021-08-23,0.0230456433031027,0.007014188801310399,5.4348297119140625,772.5028076171875,186288500,54816164228
2021-08-24,0.004906626252849267,-0.0406823975507735,2.6496124267578125,1198.109619140625,138891700,55492197740
2021-08-25,-0.0021976311731283665,0.02141789173215545,2.8619486490885513,1100.93896484375,130534100,51549078166
2021-08-26,-0.004848662226735367,-0.0399309144457398,3.1122233072916665,1565.6136474609375,130216100,50072217685
2021-08-27,0.010890790807171633,0.0500040213071525,2.716161092122386,1467.9296875,145351800,53000678999
2021-08-30,0.026189567445335002,-0.027488283661360448,5.153004964192708,1085.2342529296875,210613300,51153931501
2021-08-31,0.004180446499767567,0.03365190799373815,3.3365020751953125,855.6163330078125,236147300,62010866414
2021-09-01,0.001542779478977267,0.0762179489079243,2.933781941731771,1499.0556640625,192524600,69210289229
2021-09-02,0.0001981900733528666,-0.0007953735222961996,2.881561279296875,897.53125,167921400,63895467649
2021-09-03,0.0033843131996283,0.0268058639279026,2.372726440429678,1452.9892578125,155061000,69413944713
2021-09-08,0.0155216740334894,-0.09556740218921339,4.483774820963551,1553.50830078125,191867200,80746193259
2021-09-09,-0.005705922730290934,-0.00674937370865525,3.0436706542968843,877.34326171875,153922800,62790712844
2021-09-10,-0.020678938502350735,-0.04773487543707345,6.140116373697907,1521.385009765625,234391800,61510640694
2021-09-13,0.0031936341200859996,0.0124038630229439,5.881551106770843,1656.1737060546875,222641800,63691496201
2021-09-14,-0.0032103650328470005,0.045541972105929446,4.212783813476572,1310.6658935546875,203609000,57777573728
2021-09-15,0.0096170534189352,0.0386444805508637,4.4690602620442705,963.255126953125,188504400,48033048270
2021-09-16,0.0011687021177043,-0.0101622330071282,2.6123860677083335,795.3873291015625,161476300,51858196818
2021-09-17,-0.0074728542800726674,-0.029584452971482898,3.0013326009114585,780.6268310546875,306813400,46450076940
2021-09-20,-0.030269198592323132,-0.11146131006344184,5.6876068115234375,2565.8857421875,291134000,71281530223
2021-09-21,0.0041452272006107,-0.0579690294104128,2.984059651692727,2122.64501953125,180444100,79106152753
2021-09-22,0.0149173031078422,0.0920875633012889,3.3258260091145835,1850.3153076171875,170011200,61881811891
2021-09-23,0.0065386237669903665,0.02776842626975995,2.4373881022135415,984.141357421875,148268700,52760355477
2021-09-24,0.0103110425606715,-0.05836081801867675,4.594334920247387,2278.1199951171875,159920900,68434768503
2021-09-27,0.001868984436514467,-0.0066285404739493,5.2782236735026045,1176.792724609375,231052800,50144082740
2021-09-28,-0.022539355930541665,-0.035834947316570304,5.611495971679659,1010.4451904296875,273732500,47110019620
2021-09-29,0.0022768783221162998,0.0146214122050005,4.2327219645182295,937.741455078125,188676700,46365816063
2021-09-30,-0.007214881115858267,0.05281431349929965,3.501001993815104,1427.124755859375,199772700,48802747024
2021-10-01,0.0024166188351546,0.1003387138230321,4.067169189453125,2733.59375,202445800,65158267155
2021-10-04,-0.014979238762089267,0.02132030043482275,6.4701080322265625,1281.550048828125,280233900,51130327103
2021-10-05,0.007581065673778367,0.04493013299952345,4.4989369710286455,1471.3892822265625,201542900,52506495906
2021-10-06,0.0072687147877341,0.04615195084359245,3.848668416341146,2674.177490234375,177779500,70889956759
2021-10-07,0.011783298518504534,-0.0130131164360459,3.6137237548828125,991.630126953125,167502100,55898183340
2021-10-08,-0.005711853220225067,-0.0018704082515002998,2.812713623046875,1177.527587890625,148953000,51022903412
2021-10-11,-0.0017621604778153667,0.030001389564951648,3.657048543294271,1754.900634765625,147737100,61216521286
2021-10-12,0.002871532811450566,-0.02000115176693055,3.007502237955729,1644.52294921875,175487900,59193337392
2021-10-13,0.0045969438318916,0.02840145807379485,2.258173624674479,1753.91357421875,169525000,57895528372
2021-10-14,0.011298652013106834,0.024237868135988203,1.9203338623046875,875.32177734375,148838700,56059291275
2021-10-15,0.023596228964613334,0.04738610477448555,4.554779052734375,3024.5435791015625,228312100,72746923313
2021-10-18,0.0183310592286931,-0.01123263841509915,4.937825520833333,1401.6805419921875,221692800,55441766233
2021-10-19,0.0025389710625634333,0.03521508389006995,3.1337178548177085,1479.375,176244200,56469953479
2021-10-20,-0.0011049873298276667,0.049357542530972,2.930389404296875,1826.949462890625,143311100,61127275570
2021-10-21,0.013295642288585466,-0.0408913248664471,6.1557871500651045,2408.37060546875,193493500,74128783190
2021-10-22,-0.0055668425579983,-0.02257650973335645,4.2712249755859375,1923.430908203125,190307800,57867020743
2021-10-25,0.040576181743480204,0.050534273000456695,12.62055460611981,1601.077880859375,283796900,47060638654
2021-10-26,0.0050253286951406325,-0.031511487948749695,12.201227823893229,1710.08740234375,302104400,52036680149
2021-10-27,0.0069315029784210004,-0.039892752495990405,5.9613901774088545,1797.94580078125,225718400,69876607297
2021-10-28,0.026227827018015137,0.0637186699874718,5.6777801513671875,2154.579833984375,295891500,71215237822
2021-10-29,-0.0017835275464252662,0.028105573914771503,7.5349985758463545,1390.836181640625,344430400,59824523681
2021-11-01,0.021065219834542768,-0.0200379192673249,12.151779174804688,1470.087890625,314912400,54135861104
2021-11-02,-0.008258132089470967,0.0482920351762127,8.720616658528646,1940.5,249887400,58541113869
2021-11-03,0.022341110612106165,0.00041503033029404975,9.314442952473959,1267.316650390625,226341000,57345194664
2021-11-04,0.012402030198048633,-0.0196345584845589,5.767171223958333,1251.75927734375,243646800,51031091365
2021-11-05,0.0031001926089097,-0.00828596436379975,5.7422841389973955,910.134033203125,230290300,45691106032
2021-11-08,-0.020827091331221497,0.08900371612009081,9.10011291503906,2266.19482421875,216838000,60416504597
2021-11-09,-0.03081223507021197,-0.0124056620463204,20.10455322265625,1133.911865234375,320003300,63192164348
2021-11-10,-0.0006895583030392347,-0.025199710197355202,13.220448811848959,2977.960693359375,274143200,71478988923
2021-11-11,-0.0024126815131998995,0.009812059914143498,7.433944702148456,797.798095703125,153477800,53813834365
2021-11-12,0.0004020140428121997,-0.012800064381076101,6.4568888346354365,1712.3603515625,194311300,54400954095
2021-11-15,-0.004497318273371,-0.016404009351904197,7.882283528645833,1475.7314453125,222143600,46834614847
2021-11-16,0.015351956324883134,-0.06414676938076469,7.685831705729185,2726.114501953125,183225400,74261838393
2021-11-17,0.01711181483520083,0.010165101574334048,9.161656697591145,1250.68994140625,234349200,61361854780
2021-11-18,0.025580280235474633,-0.0618369137647357,8.368886311848959,2391.0181884765625,314594400,62771589592
2021-11-19,0.01626887285693963,0.04753984579490595,8.050501505533854,1487.364990234375,280966500,59328677483
2021-11-22,-0.0026458974680189998,-0.040156536038864904,11.723780314127614,1927.485107421875,313529400,54788340660
2021-11-23,-0.012279943330511134,0.042223805907355,15.557891845703153,1279.2353515625,278361000,59619300958
2021-11-24,0.0032239067881501336,-0.0228010064016977,9.97650146484375,1019.76806640625,183704200,58473603917
2021-11-26,-0.02780028678619183,-0.048736616056597154,6.605824788411478,3115.5252685546875,171828500,68092543709
2021-11-29,0.029680467458939902,0.09092220115063104,6.5950063069661455,1128.34765625,212453700,51457316193
2021-11-30,0.0077030710274915,0.0140344669665604,8.984898885091146,1725.656494140625,335346100,65334948729
2021-12-01,-0.021579222740959036,-0.0028346142768443006,13.014663696289062,1369.53076171875,295418900,64493022002
2021-12-02,-0.005824777235149567,-0.0148203916903537,9.543604532877604,820.7568359375,274580000,53882639713
2021-12-03,-0.029920828725367235,-0.057700505250908446,13.975621541341164,2766.36279296875,291057100,65668725743
2021-12-06,0.008905695301810733,-0.011780036631859149,11.358108520507812,2046.59912109375,258020000,65936826514
2021-12-07,0.035263746271298434,-0.00384906160090835,5.897226969401042,961.619140625,242900100,56043028206
2021-12-08,0.013036471198447133,0.0124766960807941,6.9387156168619795,1311.980712890625,204159300,47184014565
2021-12-09,-0.02506876487566283,-0.0640332942846745,8.567779541015625,1921.14111328125,214424100,51899709125
2021-12-10,0.0099819122507647,-0.0301443151772721,7.727884928385417,1660.449462890625,235757000,58980600753
2021-12-13,-0.028600902310504436,-0.02125072359674255,9.143330891927084,2387.7491455078125,294002500,56166569162
2021-12-14,-0.006334989698904068,-0.0064603693685486,6.908548990885397,1086.7156982421875,266162700,58475379036
2021-12-15,0.0239078253687484,0.0609381625011182,10.8094482421875,1611.822509765625,282026500,62953017353
2021-12-16,-0.03839410425051296,-0.01954867306248735,13.590723673502604,1025.00341796875,293833300,47093682201
2021-12-17,0.0021276280890306335,-0.0258206440863199,8.757222493489584,1334.0238037109375,381412000,56046266427
2021-12-20,-0.020131554156640866,0.014344571434439301,4.9426116943359375,1021.302734375,221351200,52551592804
2021-12-21,0.027315322887051668,0.0329153781561897,8.980779012044271,1371.06396484375,218659800,43444359126
2021-12-22,0.03130128006914427,-0.0078939772128852,8.932062784830729,609.9783935546875,240805500,38369735758
2021-12-23,0.0204823295207956,0.03797860035727045,9.515009562174479,1759.148193359375,197857800,46231151850
2021-12-27,0.013348361709340334,-0.0099958391512091,7.501383463541686,774.6842041015625,204753500,35748705760
2021-12-28,-0.0016412260714362005,-0.0594364311486646,6.4557240804036455,1766.9532470703125,194106300,50729849686
2021-12-29,-0.0033825558356960334,-0.03469493278715805,6.12939961751304,1066.716064453125,154256900,45771781971
2021-12-30,-0.008153159226634467,0.0196524252063123,6.3257802327473955,996.003662109375,144397900,39611869017
2021-12-31,-0.009211190690295365,-0.01344125696054195,4.632720947265625,1411.49658203125,152626000,51131457668
2022-01-03,0.060813041036611205,0.01232944449992625,10.463221232096336,906.4564208984375,271939300,45152406255
2022-01-04,-0.0238132904101257,-0.0016891235409984499,12.395716349283854,903.7586669921875,270284700,56525603888
2022-01-05,-0.0329880845149607,-0.05747905456217805,12.692057291666666,2258.0693359375,238959400,54912423361
2022-01-06,-0.014975873184367834,-0.023269611221967197,9.674336751302084,658.7559814453125,239198600,54501839602
2022-01-10,-0.0053017293204667,-0.06456425356373355,12.017888387044271,1316.221923828125,286378600,51639976476
2022-01-11,0.015573628439930967,0.0360738264726395,7.450602213541667,889.8868408203125,205007600,41539096093
2022-01-12,0.0136408642737312,0.03490843793411645,6.301442464192708,895.4404296875,208574200,50162810378
2022-01-13,-0.036896229417029296,-0.0338251744134433,13.215723673502604,990.215576171875,233903700,62985601357
2022-01-14,0.009446650268382565,0.01546442780184415,6.0042724609375,745.50634765625,199339100,37140360629
2022-01-18,-0.018984722893243964,-0.0304506945390809,7.814432779947917,641.0400390625,224992100,35441363318
2022-01-19,-0.0237765839590537,-0.01822619934777545,9.343338012695312,675.6683349609375,223499500,36278967402
2022-01-20,-0.0131188984346843,-0.0280388962435828,9.345219930013021,1502.31396484375,233883100,31027956704
2022-01-25,-0.06131134588661973,-0.13663134177463054,9.070551554361979,902.1314697265625,293218300,42607966526
2022-01-26,0.0040604559412757,0.0010839375446682002,13.888834635416666,1369.302490234375,308744700,52554507374
2022-01-27,-0.037658754809534366,-0.005240557035256851,15.30560302734375,850.521240234375,346580100,41167949412
2022-01-28,0.04055579495198363,0.03430539336571955,11.816172281901041,961.357177734375,389116800,36905057874
2022-01-31,0.05725506905591566,0.03696241190511445,12.287775675455729,1061.17529296875,298285600,34512965079
2022-02-01,0.001339603959330767,0.022693204063434648,6.5035044352213545,560.5811767578125,218572100,33483346563
2022-02-02,-0.008092578949130933,-0.042670882502816254,7.59716796875,1086.9892578125,239037200,33031490633
2022-02-07,0.009316241492825032,0.17884821258547473,7.8203379313151045,1416.6541748046875,240869700,43838919711
2022-02-08,0.018881842576076967,1.2164553947150141e-05,6.88622538248698,1333.56298828125,201598300,50215479774
2022-02-09,0.0059173549042731005,0.02120733229170175,4.697062174479167,847.413818359375,192330400,37197195790
2022-02-10,-0.022204472625082298,-0.03372498860173215,7.5332794189453125,1229.650634765625,225260800,50771533617
2022-02-11,-0.03512678825489713,-0.03766758790161645,11.019780476888021,967.5179443359375,255416500,42998806846
2022-02-14,0.010656806039448267,0.0031513341036828,8.353953043619791,605.76318359375,237172000,32992335184
2022-02-15,0.028367120568978398,0.06534145532973795,5.3142751057942705,1221.923583984375,176253600,36642916924
2022-02-16,0.0032703001764318664,-0.015063701443607101,5.265391031901022,624.017333984375,165175700,32144954490
2022-02-17,-0.03134019878775004,-0.078321154726545,8.0296630859375,2088.182373046875,188799700,42106869027
2022-02-18,-0.014906920735058,-0.022869300856122002,8.458821614583334,733.6002197265625,214878400,39058181137
2022-02-22,-0.024977394721378998,-0.04807685053301175,9.193445841471354,1004.5799560546875,240578900,41853350957
2022-02-23,-0.04386649333938533,-0.0221932505759716,12.808436075846364,1037.266845703125,249510100,35231711083
2022-02-24,0.036616282580991366,0.0153769317473555,19.086339314778645,2444.876953125,377255700,75696144759
2022-02-25,0.013462518269827367,0.0435364606603442,7.1310577392578125,880.8724365234375,230437900,43754501207
2022-02-28,0.02498296542781897,0.0787074954083424,9.102223714192709,3292.5172119140625,251747500,54956138837
2022-03-01,-0.011451870130058934,0.0225707205880867,6.9284515380859375,1000.8641357421875,203115300,51236473431
2022-03-02,0.014855935046011166,-0.00861544089642075,7.5765024820963545,875.8258056640625,201702100,45819630133
2022-03-03,-0.0251476293362301,-0.03636071457018585,9.459894816080729,1137.091064453125,203500000,38058982321
2022-03-04,-0.011621257979869732,-0.0773686609692024,5.8854420979817705,1960.5968017578125,211670800,43013210451
2022-03-07,-0.0400501386607246,-0.03654894078935055,11.72710673014321,1177.1864013671875,255846900,43140242234
2022-03-08,0.0008307140553937999,0.02467948777150425,12.271219889322916,737.7327880859375,303209400,39699506379
2022-03-09,0.033644070767119096,0.07158875183126309,5.646219889322917,1973.859619140625,233294900,46457786432
2022-03-10,0.0009583929372880343,-0.05261300824339135,7.934397379557292,1667.354248046875,299052500,44370541924
2022-03-11,-0.027983404548419133,-0.01744103797291715,8.587554931640625,932.0582275390625,232907200,38747310047
2022-03-14,-0.029409546681522167,0.017317463603394,8.490880330403636,1080.2503662109375,253970300,35566557909
2022-03-15,0.038297779084491196,0.0015504472778372505,9.169448852539062,815.4908447265625,235389500,36795106482
2022-03-16,0.038587050293753866,0.05193161234249495,8.194376627604166,1306.8240966796875,271287000,57532025961
2022-03-17,0.023598971942927066,0.0053797254696969,8.385055541992188,349.6319580078125,215132300,34694866287
2022-03-18,0.028399560694159567,0.033553998448333455,7.9298858642578125,1046.0540771484375,326887900,50252444035
2022-03-21,0.009150057310601535,-0.01669090823797885,6.2636667887369795,451.336669921875,244331000,39821659369
2022-03-22,0.0402971368689918,0.0285567339330521,11.449330647786459,1162.132080078125,251486500,48835191606
2022-03-23,0.0014709167021009668,0.0160483150690168,10.035441080729166,559.7227783203125,274550900,41251710727
2022-03-24,0.012993056917251765,0.025150274545224748,6.6317189534505205,755.876220703125,215850200,49113495457
2022-03-25,0.0024557616975478002,0.00418698625324885,4.602834065755208,694.837158203125,191609800,47604916865
2022-03-28,0.036991477464790264,0.06834548452467981,7.542495727539063,770.8125,252732000,56982626473
2022-03-29,0.009378204784199934,0.0133763691784291,6.506551106770833,528.50830078125,240358300,50930382705
2022-03-30,-0.009841802931104865,-0.0067193969654305505,5.447947184244792,497.4932861328125,208666200,44636390093
2022-03-31,-0.017540785867763434,-0.03148061193947435,5.3349355061848955,1141.841064453125,212008000,51012922792
2022-04-01,0.002739836352127867,0.03374069286790655,5.2724965413411455,1228.383056640625,190104400,59145633224
2022-04-04,0.036357142892983,0.0140753571410966,11.677444458007812,834.2103271484375,208386300,50709755198
2022-04-05,-0.030581020130041898,-0.02698075098088495,10.193730672200521,848.74560546875,207204900,46322107254
2022-04-06,-0.0308152468572946,-0.060971115346658306,8.515157063802084,1295.4346923828125,257463200,65025959427
2022-04-07,0.002227037977949766,0.01314641782725105,9.142496744791666,534.34326171875,225177900,42847469711
2022-04-08,-0.021008339230664735,-0.02034924074881305,4.794728597005208,921.0977783203125,177591200,44773046063
2022-04-11,-0.031819199637855,-0.06575577171061635,6.13622538248696,1651.6182861328125,183715800,55841716997
2022-04-12,0.006867235732315433,0.01593049637294765,7.6031138102213545,674.4190673828125,200419200,51227208264
2022-04-13,0.027918480100917197,0.02746748111820005,9.469431559244791,917.201171875,179130000,43779578857
2022-04-14,-0.030397801806307367,-0.030737189298499598,6.9427846272786455,953.6138916015625,185349700,40163421904
2022-04-18,0.008453987480913368,0.0173931743612043,6.885223388671875,1229.3685302734375,167253100,52334563371
2022-04-19,0.02425404035971303,0.01588949495683165,8.070612589518229,571.9385986328125,172497500,39459241643
2022-04-20,-0.025537219019529833,-0.0057926215695528,8.787434895833334,638.9002685546875,198271000,43366894606
2022-04-21,-0.0031844312467059674,-0.02490015552743465,15.567276000976562,1520.3974609375,256614200,56156377488
2022-04-22,-0.0193758757600701,-0.01350000531258945,8.634724934895834,772.4178466796875,227657000,44794512222
2022-04-25,0.0038952712202251333,0.0165478885754134,6.577214558919272,1183.6417236328125,226261600,57778421184
2022-04-26,-0.0683067103371454,-0.062340386267784,17.73772684733073,1534.5340576171875,309286900,53621133815
2022-04-27,-0.0014800275990848669,0.0290953497395817,8.040552775065104,755.104736328125,236355500,48400299225
2022-04-28,0.029050606222801662,0.0150971309759945,12.4425048828125,719.67822265625,372481300,52347229540
2022-05-03,-0.04331304244824636,-0.0515626167965875,6.538505554199214,570.724853515625,231810000,40353036463
2022-05-04,0.03406249750717407,0.054032332517354995,12.481226603190104,1174.15185546875,300646300,54941154434
2022-05-06,-0.07704598126729613,-0.08783609003947951,8.730776468912765,625.864501953125,313287600,58823176759
2022-05-09,-0.0586841035823383,-0.1630917152978364,10.625447591145834,2107.658203125,350512200,99689062639
2022-05-13,-0.005199383873295868,-0.06817239189354049,7.43356068929037,1170.1050415039065,299825600,67657221104
2022-05-16,-0.0297612966941132,0.0119622228708001,7.956171671549474,1105.2410888671875,247308300,54073449477
2022-05-17,0.03932200194293933,0.0261560889996661,6.496726989746084,610.6378784179688,235020500,47611402772
2022-05-18,-0.0653316138308416,-0.06958813915634895,11.320223490397135,1042.0579223632812,305934700,49026233908
2022-05-19,-0.007754366622324433,0.054276899393086345,7.399223327636709,921.582275390625,314534300,52507695621
2022-05-20,-0.0199610791885965,-0.03249306739127265,14.168390909830729,999.7451171875,381899300,46641864894
2022-05-23,0.018790716394130432,0.0010265115809214998,8.148559570312477,865.4861450195312,314427800,47917984265
2022-05-24,-0.0402039782695748,0.01128944213816635,6.6322174072265385,529.3065185546874,296159200,39673615252
2022-05-25,0.025204590350363636,-0.01020119823134895,7.8038914998372535,421.6334228515624,277742000,40889609281
2022-05-26,0.045921934710679235,-0.04121979114246005,11.360664367675758,887.6127319335938,289606700,60233007170
2022-05-27,0.050240701837203396,-0.0328219596358977,6.689664204915374,556.8609008789062,273933500,62052765780
2022-06-01,0.008401982130247466,0.04905560712006925,7.4343922932942705,1322.4053344726562,279062500,62173615101
2022-06-02,0.03167859306043807,0.01411647583234025,10.706110636393214,503.83953857421875,266381200,46148603415
2022-06-03,-0.05197813647221347,-0.0286264870044391,7.081161499023442,675.4473876953125,298568100,41053549263
2022-06-06,0.0137391882587317,0.051768101205634,6.455561319986984,954.5718994140625,291072000,48465808681
2022-06-07,0.0019292782641250998,-0.01559614430782195,6.091110229492202,1155.7506713867188,225773400,64791050789
2022-06-08,-0.0024551456959319,-0.0207474035666655,5.398885091145843,684.865966796875,195087300,48283535130
2022-06-09,-0.028798301159428597,-0.00273819895761215,8.946667989095047,318.2352294921875,232994200,33705088112
2022-06-10,-0.041927253310660134,-0.051932019976822855,6.912221272786463,700.91796875,276240500,48372216978
2022-06-14,-0.049212951774762835,-0.25437402639059076,6.817779541015639,1112.9513549804688,252501800,84241401767
2022-06-16,-0.0141361474585232,-0.10048870393105465,7.464449564615876,1395.5256958007812,297700900,50091647023
2022-06-17,0.0178013986223696,0.0110021151345658,5.17111206054687,484.19842529296875,326934200,41723908054
2022-06-21,0.0498215623933484,0.023467730989939452,10.351107279459626,639.213134765625,274694700,44602302183
2022-06-22,-0.0017835734065105668,-0.0500970675649927,7.322219848632808,532.0851440429688,234556800,43585386971
2022-06-23,0.0164334625825112,0.0712225792101293,6.236661275227874,640.9595947265625,240981700,40845960092
2022-06-24,0.03517278228792717,0.0399527664343747,5.799997965494801,399.75457763671875,254755200,41939337572
2022-06-27,-0.010340781120725699,-0.02520085531086485,5.7677841186523295,456.13946533203125,221519400,33457920957
2022-06-28,-0.04374578867846977,-0.03153500888295355,10.512217203776041,512.0953369140625,232417500,35404740812
2022-06-29,0.0030797223179496003,-0.02428962425888425,5.66000111897786,243.4754638671875,215514900,38939027143
2022-06-30,-0.02016251183709727,-0.0223390425392924,6.95111083984375,753.0497436523438,291244400,42617995420
2022-07-01,0.0200450002065643,-0.01655246912047315,5.129997253417959,809.5180053710938,218533100,48267004784
2022-07-05,0.02680933501790413,0.059169844757202494,9.80666859944661,686.5435791015625,234518600,42911065281
2022-07-06,0.0037331758680679335,0.031976540293760146,4.628890991210923,424.703369140625,212876800,39972480411
2022-07-07,0.03225724249755263,0.04782979900146005,6.6411081949869795,778.4923095703125,206056600,40045768414
2022-07-08,0.007786174791995867,-0.00393409250732385,6.419998168945322,559.8709106445312,212121700,66215763570
2022-07-11,-0.03768014262727246,-0.09174259526144374,8.57555898030598,503.00274658203125,215870400,36214429435
2022-07-12,-0.007079839123057634,-0.0430960934874067,6.564445495605469,397.018798828125,219800000,38393502471
2022-07-13,0.0084335518060554,0.059291833309489644,9.042218526204394,658.7332153320312,230493900,51345018492
2022-07-14,0.009312546378989168,0.04384688125538525,6.206667582194005,613.0921630859375,207861200,47847384156
2022-07-15,0.015067178823152635,0.0239334959037772,4.464447021484375,417.0595703125,230260800,43317023584
2022-07-18,-0.005598148749083032,0.17970572622019929,6.624445597330724,1045.5164794921875,223073800,67414896185
2022-07-19,0.028852028835505566,0.00877582547135055,6.467773437500004,1044.3961181640625,224862600,76518731973
2022-07-20,0.020036339246258167,-0.0107512773503507,5.230000813802103,649.3558349609375,224955900,65875257467
2022-07-21,0.04268302273502633,0.017154911494754052,8.539998372395827,540.3751831054688,267358800,53640568791
2022-07-22,-0.0079560389362201,-0.0221819527103053,5.697786966959654,593.0396118164062,221611900,50347656228
2022-07-25,-0.010616277958423001,-0.0597158269682791,4.372222900390625,723.7160034179688,167918600,56159617427
2022-07-26,-0.032247995775803596,-0.004091613863478,5.652219136555971,333.2520751953125,189034600,46863237364
2022-07-27,0.0498479660741013,0.10722699857754354,8.015551249186197,1064.4515991210938,228312700,54766479249
2022-07-28,0.012174736944780698,0.0471838853498424,6.163330078125004,778.9452514648438,248347200,67443786124
2022-08-01,0.06398388657150293,-0.03726620303285595,8.298894246419271,330.37255859375,261719200,42040530317
2022-08-02,-0.0024126211758334665,-0.00789577132313295,7.098897298177083,404.86785888671875,217407000,48815333026
2022-08-03,0.03361854873941373,-0.0071722466353391495,6.226664225260417,456.63909912109375,234426300,43074388796
2022-08-04,0.007985933976626067,-0.00801246651156925,5.1255544026692705,392.746826171875,198315300,39587670395
2022-08-05,-0.026702450913410804,0.05311296603558975,8.391108194986979,468.2039794921875,220556800,47427740919
2022-08-08,-0.0016518420786087,0.02365465063927235,8.554448445638021,568.310546875,211499900,45416969251
2022-08-09,-0.011814323616029266,-0.03396263794029705,6.117777506510417,513.4439697265625,189814800,39924338911
2022-08-10,0.0334537454632877,0.0605707829795768,6.7233428955078125,780.1023559570312,219863100,56349909706
2022-08-11,-0.0150159013703635,0.0081668831765652,6.6444447835286455,498.871826171875,172171500,60954023062
2022-08-12,0.029622324041711733,0.029498851752405353,7.1155649820963545,426.3851318359375,195340100,44433946592
2022-08-15,0.011573190995622101,-0.018991135578462,5.4044342041015625,710.583984375,182465500,55473432998
2022-08-16,0.0004462446504550667,-0.0121052578030815,6.1344451904296875,271.6939697265625,203616400,43391264576
2022-08-17,-0.0060328060319287,-0.023474805211371047,5.2677815755208135,645.9242553710938,196457800,51240131200
2022-08-18,-0.0015301401905962002,0.0011801287990233001,2.9388885498046875,217.8248291015625,147249300,38746965376
2022-08-19,-0.021395137641188364,-0.11365090711556969,4.496663411458333,1290.1106567382812,179534400,66415968991
2022-08-22,-0.02734573824981983,0.0154366274043725,4.0977783203125,340.02166748046875,175331500,50223577357
2022-08-23,0.007843964164713333,0.0154263502447773,5.0011138916015625,394.15618896484375,154384100,50200322573
2022-08-24,0.0017704091795897002,-0.00480779841998155,4.1255544026692705,332.264404296875,149728300,48743186275
2022-08-25,0.012491938346133968,0.0166993870498419,5.42999267578125,244.26123046875,141944500,45847475288
2022-08-26,-0.037406434445574836,-0.08664600311535195,9.783335367838541,902.6077880859375,189447600,69040499707
2022-08-29,-0.010794371008015433,0.01594415527802135,4.433319091796875,442.62945556640625,163280300,50603691566
2022-08-30,-0.016156877996980134,-0.0217461370905156,8.63000742594401,522.316650390625,177651000,56319144753
2022-08-31,-0.011128945975134868,0.01618183717601705,5.576667785644555,354.74029541015625,193747100,53816913813
2022-09-01,0.0062044765191624,0.0123859964892737,6.5133310953776045,308.65814208984375,185153000,46616307827
2022-09-02,-0.013704001448473967,-0.0067326112823716,7.883341471354167,339.05401611328125,185277700,46832477637
2022-09-06,-0.0012047513909574,-0.0332502368827914,5.843330383300786,736.9722290039062,173463400,66350038035
2022-09-07,0.0232644794537059,0.03383565965210705,6.350003560384114,466.87127685546875,185378800,54800120988
2022-09-08,0.0042020586779883,0.00269328392313175,5.533332824707031,196.3184814453125,182625400,49815524567
2022-09-09,0.027145932647057735,0.07866338476689755,4.8666737874348955,1115.7102661132812,171754500,68711851861
2022-09-12,0.0260620875726979,0.021587398749996097,4.1799977620442705,457.57757568359375,207457500,67900480275
2022-09-13,-0.0565422158079951,-0.08514685756084635,6.433331807454427,1396.4487915039062,263580200,74157938356
2022-09-14,0.019690404370145232,0.01569956098459515,6.786661783854171,375.96502685546875,205910900,55769531095
2022-09-15,-0.010940413260909866,-0.06320959394075865,5.7099965413411455,432.11895751953125,208163800,63335287381
2022-09-16,-0.011351379933136,-0.01152213901215255,4.753334045410156,267.767822265625,365034400,46888166572
2022-09-19,0.017695588620879835,-0.0249422935959039,6.803332010904953,675.0067138671875,188985100,58889716847
2022-09-20,-0.0017494605625320667,-0.03600725578726745,5.336667378743489,425.88311767578125,217031000,51513663728
2022-09-21,-0.025275079834620833,-0.03618824065579545,7.873329162597656,769.6832885742188,222751400,67007301775
2022-09-22,-0.019114421004567398,0.0533160821313898,7.186665852864579,568.2539672851562,212427100,59597295185
2022-09-23,-0.030387517350794063,-0.00276716056565835,6.193333943684887,465.10455322265625,224905000,57667184391
2022-09-26,0.005590319753622033,0.0007154823400576998,7.373334248860701,303.532470703125,214139600,60183347592
2022-09-27,0.008415919716672568,-0.00486077007772585,7.066668192545578,755.3435668945312,206462600,76442038556
2022-09-28,0.012008722793018465,0.0110100173675714,7.376663208007822,609.571044921875,257120000,72066278300
2022-09-29,-0.0481402516142879,0.0031087625866393002,8.973335266113276,359.9132080078125,264728500,54834759507
2022-09-30,-0.018918240245116166,-0.00648122042652085,7.426671346028651,446.27386474609375,252131500,58225348178
2022-10-03,-0.009968645639486401,0.00322583114758705,7.996673583984332,341.8599853515625,263617100,40637800396
2022-10-04,0.033208788246243764,0.032789865567402446,6.886670430501283,450.6990966796875,260221200,46027053648
2022-10-05,-0.011233534781535631,-0.00774014225994005,7.276667277018244,291.77197265625,214671200,42998242392
2022-10-06,-0.007709568453067466,-0.00550771146895725,4.526662190755219,269.62982177734375,179954400,46744927827
2022-10-07,-0.049225154088354234,-0.0173369969287537,6.830004374186217,341.4375,224520400,39288934745
2022-10-10,-0.0019687946326426,-0.025820774389172352,5.256665547688802,228.40667724609375,185163700,36219513824
2022-10-11,-0.017357692077543663,-0.00690682743038345,6.323336283365886,169.94683837890625,210479100,37986378170
2022-10-12,0.001654193011929533,0.0087731988218553,4.140001932779924,99.49456787109375,183023100,33305812424
2022-10-13,0.016985981134261963,0.0032654658734842003,11.360003153483078,610.8959350585938,291575100,61718878206
2022-10-14,-0.05257561268330774,-0.0014789869829647498,12.263331095377643,414.0523681640625,250459800,51566124482
2022-10-17,0.054542524385366,0.02273020713678625,6.379999796549484,250.33465576171875,227461700,36873742648
2022-10-18,0.0119415212384869,-0.013517499046965201,7.7966664632161455,284.824951171875,240635900,40996760150
2022-10-19,-0.0006397290972779673,-0.01446505761025265,3.989995320638021,124.602783203125,175527900,30776079969
2022-10-20,-0.022725836294050002,-0.0032303527331942004,7.17333475748697,188.13568115234375,231115200,33503086416
2022-10-21,0.03230550266673796,0.0096405097961599,7.050003051757794,255.414306640625,217922900,42871853111
2022-10-24,0.001372340511750333,0.021842831631468447,7.653333028157544,211.6861572265625,225960200,43295055978
2022-10-25,0.02624099654356597,0.06276228152658266,6.6166712443033715,629.9857177734375,222174800,73128816204
2022-10-26,-0.016869237040345667,0.052668306620483746,6.98000590006509,493.11279296875,242009100,91601498964
2022-10-27,-0.023032882352318266,-0.0283237600639247,6.743331909179683,331.1292724609375,300424400,72438609647
2022-10-31,-0.002307320181872898,0.024436425981911702,4.786671956380208,291.1976318359375,258748900,64975386529
2022-11-02,-0.07004471616907666,-0.025054089068466803,8.649993896484366,380.92083740234375,292436700,78806387764
2022-11-04,-0.0305261649945248,0.0657495558466354,11.136665344238276,576.8036499023438,368538300,84879692297
2022-11-07,-0.0170411088769574,-0.036123584797891656,6.259994506835966,308.6666259765625,254786800,68790815585
2022-11-11,0.061766256096708265,-0.1762916365771069,8.033335367838518,599.2133178710938,319973800,76792155587
2022-11-14,-0.019307101763419765,-0.029932523325970246,5.023335774739569,671.085693359375,265133800,64658278717
2022-11-15,0.0115368894725825,0.012095920200966599,6.746671040852884,276.9613037109375,292498400,48397447777
2022-11-16,-0.021767440767698164,-0.02080531020538645,4.146667480468764,300.841064453125,218744700,45865074587
2022-11-17,-0.010154622191544666,-0.005542772134460651,4.510004679361951,150.784423828125,227343300,37592560893
2022-11-18,-0.006657649375473001,0.00509239213523345,4.959996541341141,204.1912841796875,223306700,34842131987
2022-11-21,-0.03596609555361527,-0.07013581611393715,5.436668395996094,374.85760498046875,235937100,51509584726
2022-11-22,0.011605704453756234,0.0248463662695214,3.5666656494140576,325.8729248046875,192448400,42767499515
2022-11-23,0.031374233811979235,0.0341537573414606,5.1200002034505205,261.33245849609375,227252800,44201551672
2022-11-25,-0.009699461078089567,0.00397073604398215,2.563334147135417,121.944091796875,120957200,24161564172
2022-11-28,-0.006718452651811667,-0.02124298150670015,5.2433319091796875,235.53924560546875,237094300,35018437026
2022-11-29,-0.016286421059937533,0.0270240065679523,5.019999186197921,220.77398681640625,232688200,31221091286
2022-11-30,0.05662493990964673,0.054372267635497254,9.103329976399758,416.0008544921875,323373100,39360501887
2022-12-01,-0.0029603472146887,-0.013358377579567,3.983334859212235,168.70037841796875,219784600,29753328158
2022-12-02,-0.0056317689702689,0.0106445605326507,3.0233357747395737,117.91973876953125,211589700,25753350836
2022-12-05,-0.0349384698918423,-0.0167072224039541,6.369997660319005,252.742919921875,233484600,28329446357
2022-12-06,-0.023370435370302336,0.008131894076827,5.613332112630218,88.11737060546875,232381600,24979135049
2022-12-07,-0.0145161629996723,-0.02248155267224835,4.313331604003906,203.5322265625,222021300,25427609569
2022-12-08,0.010016941884738867,0.03118492651878145,3.8466669718424478,269.50201416015625,233058700,26723873585
2022-12-09,0.0049882537960888335,-0.009479772506151299,5.16000620524088,104.47381591796875,248367800,26034610231
2022-12-12,-0.009980628449201301,0.0062256804838397,5.333330790201818,172.6512451171875,242257000,24768690705
2022-12-13,-0.004243241416550001,0.034722617850156,9.866666158040365,450.64459228515625,369960900,35447624750
2022-12-14,-0.017053023517642568,-0.0032830101686327504,5.133331298828125,309.6793212890625,293271500,33365396898
2022-12-15,-0.02516124008381403,-0.0290624059603865,5.3066660563151045,286.26605224609375,306069300,26997308124
2022-12-19,-0.03987879393688597,-0.0656271127350702,5.4766591389973955,220.9686279296875,302514700,22164702905
2022-12-20,-0.025961877027485928,0.0356434419399057,5.4833323160807295,321.80517578125,311344400,29407048330
2022-12-21,0.013562388180300101,-0.00431032844640145,3.8166656494140625,86.3204345703125,290612600,19100127778
2022-12-22,-0.04898126881347916,0.0022685877283308,7.353332519531246,154.56231689453125,369373700,21739044789
2022-12-23,-0.0009748292638434667,-0.00018034294099039997,4.4099985758463545,60.8818359375,288238300,20165097136
2022-12-27,-0.05129692304966967,-0.00539400928508765,5.3166656494140625,171.14794921875,334935200,19840110976
2022-12-28,-0.0040959960846753,-0.01432521354137345,4.9933319091796875,149.02001953125,364737500,21997383551
2022-12-29,0.0459983623178194,0.00758954338359125,3.606664021809896,79.42681884765625,352622900,18604471419
2022-12-30,0.0038315105920282665,-0.0021775074072202,2.943333943684896,124.76263427734375,297212700,19984831163
